-- MySQL dump 10.13  Distrib 8.0.30, for Win64 (x86_64)

--

-- Host: localhost    Database: classicmodels

-- ------------------------------------------------------

-- Server version	8.0.30

/*!40101 SET @OLD_CHARACTER_SET_CLIENT=@@CHARACTER_SET_CLIENT */

;

/*!40101 SET @OLD_CHARACTER_SET_RESULTS=@@CHARACTER_SET_RESULTS */

;

/*!40101 SET @OLD_COLLATION_CONNECTION=@@COLLATION_CONNECTION */

;

/*!50503 SET NAMES utf8 */

;

/*!40103 SET @OLD_TIME_ZONE=@@TIME_ZONE */

;

/*!40103 SET TIME_ZONE='+00:00' */

;

/*!40014 SET @OLD_UNIQUE_CHECKS=@@UNIQUE_CHECKS, UNIQUE_CHECKS=0 */

;

/*!40014 SET @OLD_FOREIGN_KEY_CHECKS=@@FOREIGN_KEY_CHECKS, FOREIGN_KEY_CHECKS=0 */

;

/*!40101 SET @OLD_SQL_MODE=@@SQL_MODE, SQL_MODE='NO_AUTO_VALUE_ON_ZERO' */

;

/*!40111 SET @OLD_SQL_NOTES=@@SQL_NOTES, SQL_NOTES=0 */

;

--

-- Table structure for table `customers`

--

USE rootdb;

DROP TABLE IF EXISTS `customers`;

/*!40101 SET @saved_cs_client     = @@character_set_client */

;

/*!50503 SET character_set_client = utf8mb4 */

;

CREATE TABLE
    `customers` (
        `customerNumber` int NOT NULL,
        `customerName` varchar(50) NOT NULL,
        `contactLastName` varchar(50) NOT NULL,
        `contactFirstName` varchar(50) NOT NULL,
        `phone` varchar(50) NOT NULL,
        `addressLine1` varchar(50) NOT NULL,
        `addressLine2` varchar(50) DEFAULT NULL,
        `city` varchar(50) NOT NULL,
        `state` varchar(50) DEFAULT NULL,
        `postalCode` varchar(15) DEFAULT NULL,
        `country` varchar(50) NOT NULL,
        `salesRepEmployeeNumber` int DEFAULT NULL,
        `creditLimit` decimal(10, 2) DEFAULT NULL,
        `createdAt` datetime DEFAULT NULL,
        `updatedAt` datetime DEFAULT NULL,
        `createdBy` varchar(50) DEFAULT NULL,
        `updatedBy` varchar(50) DEFAULT NULL,
        PRIMARY KEY (`customerNumber`),
        KEY `salesRepEmployeeNumber` (`salesRepEmployeeNumber`),
        CONSTRAINT `customers_ibfk_1` FOREIGN KEY (`salesRepEmployeeNumber`) REFERENCES `employees` (`employeeNumber`)
    ) ENGINE = InnoDB DEFAULT CHARSET = latin1;

/*!40101 SET character_set_client = @saved_cs_client */

;

--

-- Dumping data for table `customers`

--

LOCK TABLES `customers` WRITE;

/*!40000 ALTER TABLE `customers` DISABLE KEYS */

;

INSERT INTO `customers`
VALUES (
        100,
        'Australian Collectors, Co.',
        'Ferguson',
        'Peter',
        '03 9520 4555',
        '636 St Kilda Road',
        'Level 34567',
        'Melbourne',
        'Victoria',
        '30041',
        'Australia',
        1002,
        117300.00,
        '2022-09-30 08:59:00',
        '2022-09-30 08:59:00',
        NULL,
        NULL
    ), (
        103,
        'Atelier graphique',
        'Schmitt',
        'Carine ',
        '40.32.2555',
        '54, rue Royale',
        NULL,
        'Nantes',
        NULL,
        '44000',
        'France',
        1370,
        21000.00,
        NULL,
        NULL,
        NULL,
        NULL
    ), (
        112,
        'Signal Gift Stores',
        'King',
        'Jean',
        '7025551838',
        '8489 Strong St.',
        NULL,
        'Las Vegas',
        'NV',
        '83030',
        'USA',
        1166,
        71800.00,
        NULL,
        NULL,
        NULL,
        NULL
    ), (
        114,
        'Australian Collectors, Co.',
        'Ferguson',
        'Peter',
        '03 9520 4555',
        '636 St Kilda Road',
        'Level 3',
        'Melbourne',
        'Victoria',
        '3004',
        'Australia',
        1611,
        117300.00,
        NULL,
        NULL,
        NULL,
        NULL
    ), (
        119,
        'La Rochelle Gifts',
        'Labrune',
        'Janine ',
        '40.67.8555',
        '67, rue des Cinquante Otages',
        NULL,
        'Nantes',
        NULL,
        '44000',
        'France',
        1370,
        118200.00,
        NULL,
        NULL,
        NULL,
        NULL
    ), (
        121,
        'Baane Mini Imports',
        'Bergulfsen',
        'Jonas ',
        '07-98 9555',
        'Erling Skakkes gate 78',
        NULL,
        'Stavern',
        NULL,
        '4110',
        'Norway',
        1504,
        81700.00,
        NULL,
        NULL,
        NULL,
        NULL
    ), (
        124,
        'Mini Gifts Distributors Ltd.',
        'Nelson',
        'Susan',
        '4155551450',
        '5677 Strong St.',
        NULL,
        'San Rafael',
        'CA',
        '97562',
        'USA',
        1165,
        210500.00,
        NULL,
        NULL,
        NULL,
        NULL
    ), (
        125,
        'Havel & Zbyszek Co',
        'Piestrzeniewicz',
        'Zbyszek ',
        '(26) 642-7555',
        'ul. Filtrowa 68',
        NULL,
        'Warszawa',
        NULL,
        '01-012',
        'Poland',
        NULL,
        0.00,
        NULL,
        NULL,
        NULL,
        NULL
    ), (
        128,
        'Blauer See Auto, Co.',
        'Keitel',
        'Roland',
        '+49 69 66 90 2555',
        'Lyonerstr. 34',
        NULL,
        'Frankfurt',
        NULL,
        '60528',
        'Germany',
        1504,
        59700.00,
        NULL,
        NULL,
        NULL,
        NULL
    ), (
        129,
        'Mini Wheels Co.',
        'Murphy',
        'Julie',
        '6505555787',
        '5557 North Pendale Street',
        NULL,
        'San Francisco',
        'CA',
        '94217',
        'USA',
        1165,
        64600.00,
        NULL,
        NULL,
        NULL,
        NULL
    ), (
        131,
        'Land of Toys Inc.',
        'Lee',
        'Kwai',
        '2125557818',
        '897 Long Airport Avenue',
        NULL,
        'NYC',
        'NY',
        '10022',
        'USA',
        1323,
        114900.00,
        NULL,
        NULL,
        NULL,
        NULL
    ), (
        141,
        'Euro+ Shopping Channel',
        'Freyre',
        'Diego ',
        '(91) 555 94 44',
        'C/ Moralzarzal, 86',
        NULL,
        'Madrid',
        NULL,
        '28034',
        'Spain',
        1370,
        227600.00,
        NULL,
        NULL,
        NULL,
        NULL
    ), (
        144,
        'Volvo Model Replicas, Co',
        'Berglund',
        'Christina ',
        '0921-12 3555',
        'Berguvsvägen  8',
        NULL,
        'Luleå',
        NULL,
        'S-958 22',
        'Sweden',
        1504,
        53100.00,
        NULL,
        NULL,
        NULL,
        NULL
    ), (
        145,
        'Danish Wholesale Imports',
        'Petersen',
        'Jytte ',
        '31 12 3555',
        'Vinbæltet 34',
        NULL,
        'Kobenhavn',
        NULL,
        '1734',
        'Denmark',
        1401,
        83400.00,
        NULL,
        NULL,
        NULL,
        NULL
    ), (
        146,
        'Saveley & Henriot, Co.',
        'Saveley',
        'Mary ',
        '78.32.5555',
        '2, rue du Commerce',
        NULL,
        'Lyon',
        NULL,
        '69004',
        'France',
        1337,
        123900.00,
        NULL,
        NULL,
        NULL,
        NULL
    ), (
        148,
        'Dragon Souveniers, Ltd.',
        'Natividad',
        'Eric',
        '+65 221 7555',
        'Bronz Sok.',
        'Bronz Apt. 3/6 Tesvikiye',
        'Singapore',
        NULL,
        '079903',
        'Singapore',
        1621,
        103800.00,
        NULL,
        NULL,
        NULL,
        NULL
    ), (
        151,
        'Muscle Machine Inc',
        'Young',
        'Jeff',
        '2125557413',
        '4092 Furth Circle',
        'Suite 400',
        'NYC',
        'NY',
        '10022',
        'USA',
        1286,
        138500.00,
        NULL,
        NULL,
        NULL,
        NULL
    ), (
        157,
        'Diecast Classics Inc.',
        'Leong',
        'Kelvin',
        '2155551555',
        '7586 Pompton St.',
        NULL,
        'Allentown',
        'PA',
        '70267',
        'USA',
        1216,
        100600.00,
        NULL,
        NULL,
        NULL,
        NULL
    ), (
        161,
        'Technics Stores Inc.',
        'Hashimoto',
        'Juri',
        '6505556809',
        '9408 Furth Circle',
        NULL,
        'Burlingame',
        'CA',
        '94217',
        'USA',
        1165,
        84600.00,
        NULL,
        NULL,
        NULL,
        NULL
    ), (
        166,
        'Handji Gifts& Co',
        'Victorino',
        'Wendy',
        '+65 224 1555',
        '106 Linden Road Sandown',
        '2nd Floor',
        'Singapore',
        NULL,
        '069045',
        'Singapore',
        1612,
        97900.00,
        NULL,
        NULL,
        NULL,
        NULL
    ), (
        167,
        'Herkku Gifts',
        'Oeztan',
        'Veysel',
        '+47 2267 3215',
        'Brehmen St. 121',
        'PR 334 Sentrum',
        'Bergen',
        NULL,
        'N 5804',
        'Norway  ',
        1504,
        96800.00,
        NULL,
        NULL,
        NULL,
        NULL
    ), (
        168,
        'American Souvenirs Inc',
        'Franco',
        'Keith',
        '2035557845',
        '149 Spinnaker Dr.',
        'Suite 101',
        'New Haven',
        'CT',
        '97823',
        'USA',
        1286,
        0.00,
        NULL,
        NULL,
        NULL,
        NULL
    ), (
        169,
        'Porto Imports Co.',
        'de Castro',
        'Isabel ',
        '(1) 356-5555',
        'Estrada da saúde n. 58',
        NULL,
        'Lisboa',
        NULL,
        '1756',
        'Portugal',
        NULL,
        0.00,
        NULL,
        NULL,
        NULL,
        NULL
    ), (
        171,
        'Daedalus Designs Imports',
        'Rancé',
        'Martine ',
        '20.16.1555',
        '184, chaussée de Tournai',
        NULL,
        'Lille',
        NULL,
        '59000',
        'France',
        1370,
        82900.00,
        NULL,
        NULL,
        NULL,
        NULL
    ), (
        172,
        'La Corne D\'abondance, Co.',
        'Bertrand',
        'Marie',
        '(1) 42.34.2555',
        '265, boulevard Charonne',
        NULL,
        'Paris',
        NULL,
        '75012',
        'France',
        1337,
        84300.00,
        NULL,
        NULL,
        NULL,
        NULL
    ), (
        173,
        'Cambridge Collectables Co.',
        'Tseng',
        'Jerry',
        '6175555555',
        '4658 Baden Av.',
        NULL,
        'Cambridge',
        'MA',
        '51247',
        'USA',
        1188,
        43400.00,
        NULL,
        NULL,
        NULL,
        NULL
    ), (
        175,
        'Gift Depot Inc.',
        'King',
        'Julie',
        '2035552570',
        '25593 South Bay Ln.',
        NULL,
        'Bridgewater',
        'CT',
        '97562',
        'USA',
        1323,
        84300.00,
        NULL,
        NULL,
        NULL,
        NULL
    ), (
        177,
        'Osaka Souveniers Co.',
        'Kentary',
        'Mory',
        '+81 06 6342 5555',
        '1-6-20 Dojima',
        NULL,
        'Kita-ku',
        'Osaka',
        ' 530-0003',
        'Japan',
        1621,
        81200.00,
        NULL,
        NULL,
        NULL,
        NULL
    ), (
        181,
        'Vitachrome Inc.',
        'Frick',
        'Michael',
        '2125551500',
        '2678 Kingston Rd.',
        'Suite 101',
        'NYC',
        'NY',
        '10022',
        'USA',
        1286,
        76400.00,
        NULL,
        NULL,
        NULL,
        NULL
    ), (
        186,
        'Toys of Finland, Co.',
        'Karttunen',
        'Matti',
        '90-224 8555',
        'Keskuskatu 45',
        NULL,
        'Helsinki',
        NULL,
        '21240',
        'Finland',
        1501,
        96500.00,
        NULL,
        NULL,
        NULL,
        NULL
    ), (
        187,
        'AV Stores, Co.',
        'Ashworth',
        'Rachel',
        '(171) 555-1555',
        'Fauntleroy Circus',
        NULL,
        'Manchester',
        NULL,
        'EC2 5NT',
        'UK',
        1501,
        136800.00,
        NULL,
        NULL,
        NULL,
        NULL
    ), (
        189,
        'Clover Collections, Co.',
        'Cassidy',
        'Dean',
        '+353 1862 1555',
        '25 Maiden Lane',
        'Floor No. 4',
        'Dublin',
        NULL,
        '2',
        'Ireland',
        1504,
        69400.00,
        NULL,
        NULL,
        NULL,
        NULL
    ), (
        198,
        'Auto-Moto Classics Inc.',
        'Taylor',
        'Leslie',
        '6175558428',
        '16780 Pompton St.',
        NULL,
        'Brickhaven',
        'MA',
        '58339',
        'USA',
        1216,
        23000.00,
        NULL,
        NULL,
        NULL,
        NULL
    ), (
        201,
        'UK Collectables, Ltd.',
        'Devon',
        'Elizabeth',
        '(171) 555-2282',
        '12, Berkeley Gardens Blvd',
        NULL,
        'Liverpool',
        NULL,
        'WX1 6LT',
        'UK',
        1501,
        92700.00,
        NULL,
        NULL,
        NULL,
        NULL
    ), (
        202,
        'Canadian Gift Exchange Network',
        'Tamuri',
        'Yoshi ',
        '(604) 555-3392',
        '1900 Oak St.',
        NULL,
        'Vancouver',
        'BC',
        'V3F 2K1',
        'Canada',
        1323,
        90300.00,
        NULL,
        NULL,
        NULL,
        NULL
    ), (
        204,
        'Online Mini Collectables',
        'Barajas',
        'Miguel',
        '6175557555',
        '7635 Spinnaker Dr.',
        NULL,
        'Brickhaven',
        'MA',
        '58339',
        'USA',
        1188,
        68700.00,
        NULL,
        NULL,
        NULL,
        NULL
    ), (
        205,
        'Toys4GrownUps.com',
        'Young',
        'Julie',
        '6265557265',
        '78934 Hillside Dr.',
        NULL,
        'Pasadena',
        'CA',
        '90003',
        'USA',
        1166,
        90700.00,
        NULL,
        NULL,
        NULL,
        NULL
    ), (
        206,
        'Asian Shopping Network, Co',
        'Walker',
        'Brydey',
        '+612 9411 1555',
        'Suntec Tower Three',
        '8 Temasek',
        'Singapore',
        NULL,
        '038988',
        'Singapore',
        NULL,
        0.00,
        NULL,
        NULL,
        NULL,
        NULL
    ), (
        209,
        'Mini Caravy',
        'Citeaux',
        'Frédérique ',
        '88.60.1555',
        '24, place Kléber',
        NULL,
        'Strasbourg',
        NULL,
        '67000',
        'France',
        1370,
        53800.00,
        NULL,
        NULL,
        NULL,
        NULL
    ), (
        211,
        'King Kong Collectables, Co.',
        'Gao',
        'Mike',
        '+852 2251 1555',
        'Bank of China Tower',
        '1 Garden Road',
        'Central Hong Kong',
        NULL,
        NULL,
        'Hong Kong',
        1621,
        58600.00,
        NULL,
        NULL,
        NULL,
        NULL
    ), (
        216,
        'Enaco Distributors',
        'Saavedra',
        'Eduardo ',
        '(93) 203 4555',
        'Rambla de Cataluña, 23',
        NULL,
        'Barcelona',
        NULL,
        '08022',
        'Spain',
        1702,
        60300.00,
        NULL,
        NULL,
        NULL,
        NULL
    ), (
        219,
        'Boards & Toys Co.',
        'Young',
        'Mary',
        '3105552373',
        '4097 Douglas Av.',
        NULL,
        'Glendale',
        'CA',
        '92561',
        'USA',
        1166,
        11000.00,
        NULL,
        NULL,
        NULL,
        NULL
    ), (
        223,
        'Natürlich Autos',
        'Kloss',
        'Horst ',
        '0372-555188',
        'Taucherstraße 10',
        NULL,
        'Cunewalde',
        NULL,
        '01307',
        'Germany',
        NULL,
        0.00,
        NULL,
        NULL,
        NULL,
        NULL
    ), (
        227,
        'Heintze Collectables',
        'Ibsen',
        'Palle',
        '86 21 3555',
        'Smagsloget 45',
        NULL,
        'Århus',
        NULL,
        '8200',
        'Denmark',
        1401,
        120800.00,
        NULL,
        NULL,
        NULL,
        NULL
    ), (
        233,
        'Québec Home Shopping Network',
        'Fresnière',
        'Jean ',
        '(514) 555-8054',
        '43 rue St. Laurent',
        NULL,
        'Montréal',
        'Québec',
        'H1J 1C3',
        'Canada',
        1286,
        48700.00,
        NULL,
        NULL,
        NULL,
        NULL
    ), (
        237,
        'ANG Resellers',
        'Camino',
        'Alejandra ',
        '(91) 745 6555',
        'Gran Vía, 1',
        NULL,
        'Madrid',
        NULL,
        '28001',
        'Spain',
        NULL,
        0.00,
        NULL,
        NULL,
        NULL,
        NULL
    ), (
        239,
        'Collectable Mini Designs Co.',
        'Thompson',
        'Valarie',
        '7605558146',
        '361 Furth Circle',
        NULL,
        'San Diego',
        'CA',
        '91217',
        'USA',
        1166,
        105000.00,
        NULL,
        NULL,
        NULL,
        NULL
    ), (
        240,
        'giftsbymail.co.uk',
        'Bennett',
        'Helen ',
        '(198) 555-8888',
        'Garden House',
        'Crowther Way 23',
        'Cowes',
        'Isle of Wight',
        'PO31 7PJ',
        'UK',
        1501,
        93900.00,
        NULL,
        NULL,
        NULL,
        NULL
    ), (
        242,
        'Alpha Cognac',
        'Roulet',
        'Annette ',
        '61.77.6555',
        '1 rue Alsace-Lorraine',
        NULL,
        'Toulouse',
        NULL,
        '31000',
        'France',
        1370,
        61100.00,
        NULL,
        NULL,
        NULL,
        NULL
    ), (
        247,
        'Messner Shopping Network',
        'Messner',
        'Renate ',
        '069-0555984',
        'Magazinweg 7',
        NULL,
        'Frankfurt',
        NULL,
        '60528',
        'Germany',
        NULL,
        0.00,
        NULL,
        NULL,
        NULL,
        NULL
    ), (
        249,
        'Amica Models & Co.',
        'Accorti',
        'Paolo ',
        '011-4988555',
        'Via Monte Bianco 34',
        NULL,
        'Torino',
        NULL,
        '10100',
        'Italy',
        1401,
        113000.00,
        NULL,
        NULL,
        NULL,
        NULL
    ), (
        250,
        'Lyon Souveniers',
        'Da Silva',
        'Daniel',
        '+33 1 46 62 7555',
        '27 rue du Colonel Pierre Avia',
        NULL,
        'Paris',
        NULL,
        '75508',
        'France',
        1337,
        68100.00,
        NULL,
        NULL,
        NULL,
        NULL
    ), (
        256,
        'Auto Associés & Cie.',
        'Tonini',
        'Daniel ',
        '30.59.8555',
        '67, avenue de l\'Europe',
        NULL,
        'Versailles',
        NULL,
        '78000',
        'France',
        1370,
        77900.00,
        NULL,
        NULL,
        NULL,
        NULL
    ), (
        259,
        'Toms Spezialitäten, Ltd',
        'Pfalzheim',
        'Henriette ',
        '0221-5554327',
        'Mehrheimerstr. 369',
        NULL,
        'Köln',
        NULL,
        '50739',
        'Germany',
        1504,
        120400.00,
        NULL,
        NULL,
        NULL,
        NULL
    ), (
        260,
        'Royal Canadian Collectables, Ltd.',
        'Lincoln',
        'Elizabeth ',
        '(604) 555-4555',
        '23 Tsawassen Blvd.',
        NULL,
        'Tsawassen',
        'BC',
        'T2F 8M4',
        'Canada',
        1323,
        89600.00,
        NULL,
        NULL,
        NULL,
        NULL
    ), (
        273,
        'Franken Gifts, Co',
        'Franken',
        'Peter ',
        '089-0877555',
        'Berliner Platz 43',
        NULL,
        'München',
        NULL,
        '80805',
        'Germany',
        NULL,
        0.00,
        NULL,
        NULL,
        NULL,
        NULL
    ), (
        276,
        'Anna\'s Decorations, Ltd',
        'O\'Hara',
        'Anna',
        '02 9936 8555',
        '201 Miller Street',
        'Level 15',
        'North Sydney',
        'NSW',
        '2060',
        'Australia',
        1611,
        107800.00,
        NULL,
        NULL,
        NULL,
        NULL
    ), (
        278,
        'Rovelli Gifts',
        'Rovelli',
        'Giovanni ',
        '035-640555',
        'Via Ludovico il Moro 22',
        NULL,
        'Bergamo',
        NULL,
        '24100',
        'Italy',
        1401,
        119600.00,
        NULL,
        NULL,
        NULL,
        NULL
    ), (
        282,
        'Souveniers And Things Co.',
        'Huxley',
        'Adrian',
        '+61 2 9495 8555',
        'Monitor Money Building',
        '815 Pacific Hwy',
        'Chatswood',
        'NSW',
        '2067',
        'Australia',
        1611,
        93300.00,
        NULL,
        NULL,
        NULL,
        NULL
    ), (
        286,
        'Marta\'s Replicas Co.',
        'Hernandez',
        'Marta',
        '6175558555',
        '39323 Spinnaker Dr.',
        NULL,
        'Cambridge',
        'MA',
        '51247',
        'USA',
        1216,
        123700.00,
        NULL,
        NULL,
        NULL,
        NULL
    ), (
        293,
        'BG&E Collectables',
        'Harrison',
        'Ed',
        '+41 26 425 50 01',
        'Rte des Arsenaux 41 ',
        NULL,
        'Fribourg',
        NULL,
        '1700',
        'Switzerland',
        NULL,
        0.00,
        NULL,
        NULL,
        NULL,
        NULL
    ), (
        298,
        'Vida Sport, Ltd',
        'Holz',
        'Mihael',
        '0897-034555',
        'Grenzacherweg 237',
        NULL,
        'Genève',
        NULL,
        '1203',
        'Switzerland',
        1702,
        141300.00,
        NULL,
        NULL,
        NULL,
        NULL
    ), (
        299,
        'Norway Gifts By Mail, Co.',
        'Klaeboe',
        'Jan',
        '+47 2212 1555',
        'Drammensveien 126A',
        'PB 211 Sentrum',
        'Oslo',
        NULL,
        'N 0106',
        'Norway  ',
        1504,
        95100.00,
        NULL,
        NULL,
        NULL,
        NULL
    ), (
        303,
        'Schuyler Imports',
        'Schuyler',
        'Bradley',
        '+31 20 491 9555',
        'Kingsfordweg 151',
        NULL,
        'Amsterdam',
        NULL,
        '1043 GR',
        'Netherlands',
        NULL,
        0.00,
        NULL,
        NULL,
        NULL,
        NULL
    ), (
        307,
        'Der Hund Imports',
        'Andersen',
        'Mel',
        '030-0074555',
        'Obere Str. 57',
        NULL,
        'Berlin',
        NULL,
        '12209',
        'Germany',
        NULL,
        0.00,
        NULL,
        NULL,
        NULL,
        NULL
    ), (
        311,
        'Oulu Toy Supplies, Inc.',
        'Koskitalo',
        'Pirkko',
        '981-443655',
        'Torikatu 38',
        NULL,
        'Oulu',
        NULL,
        '90110',
        'Finland',
        1501,
        90500.00,
        NULL,
        NULL,
        NULL,
        NULL
    ), (
        314,
        'Petit Auto',
        'Dewey',
        'Catherine ',
        '(02) 5554 67',
        'Rue Joseph-Bens 532',
        NULL,
        'Bruxelles',
        NULL,
        'B-1180',
        'Belgium',
        1401,
        79900.00,
        NULL,
        NULL,
        NULL,
        NULL
    ), (
        319,
        'Mini Classics',
        'Frick',
        'Steve',
        '9145554562',
        '3758 North Pendale Street',
        NULL,
        'White Plains',
        'NY',
        '24067',
        'USA',
        1323,
        102700.00,
        NULL,
        NULL,
        NULL,
        NULL
    ), (
        320,
        'Mini Creations Ltd.',
        'Huang',
        'Wing',
        '5085559555',
        '4575 Hillside Dr.',
        NULL,
        'New Bedford',
        'MA',
        '50553',
        'USA',
        1188,
        94500.00,
        NULL,
        NULL,
        NULL,
        NULL
    ), (
        321,
        'Corporate Gift Ideas Co.',
        'Brown',
        'Julie',
        '6505551386',
        '7734 Strong St.',
        NULL,
        'San Francisco',
        'CA',
        '94217',
        'USA',
        1165,
        105000.00,
        NULL,
        NULL,
        NULL,
        NULL
    ), (
        323,
        'Down Under Souveniers, Inc',
        'Graham',
        'Mike',
        '+64 9 312 5555',
        '162-164 Grafton Road',
        'Level 2',
        'Auckland  ',
        NULL,
        NULL,
        'New Zealand',
        1612,
        88000.00,
        NULL,
        NULL,
        NULL,
        NULL
    ), (
        324,
        'Stylish Desk Decors, Co.',
        'Brown',
        'Ann ',
        '(171) 555-0297',
        '35 King George',
        NULL,
        'London',
        NULL,
        'WX3 6FW',
        'UK',
        1501,
        77000.00,
        NULL,
        NULL,
        NULL,
        NULL
    ), (
        328,
        'Tekni Collectables Inc.',
        'Brown',
        'William',
        '2015559350',
        '7476 Moss Rd.',
        NULL,
        'Newark',
        'NJ',
        '94019',
        'USA',
        1323,
        43000.00,
        NULL,
        NULL,
        NULL,
        NULL
    ), (
        333,
        'Australian Gift Network, Co',
        'Calaghan',
        'Ben',
        '61-7-3844-6555',
        '31 Duncan St. West End',
        NULL,
        'South Brisbane',
        'Queensland',
        '4101',
        'Australia',
        1611,
        51600.00,
        NULL,
        NULL,
        NULL,
        NULL
    ), (
        334,
        'Suominen Souveniers',
        'Suominen',
        'Kalle',
        '+358 9 8045 555',
        'Software Engineering Center',
        'SEC Oy',
        'Espoo',
        NULL,
        'FIN-02271',
        'Finland',
        1501,
        98800.00,
        NULL,
        NULL,
        NULL,
        NULL
    ), (
        335,
        'Cramer Spezialitäten, Ltd',
        'Cramer',
        'Philip ',
        '0555-09555',
        'Maubelstr. 90',
        NULL,
        'Brandenburg',
        NULL,
        '14776',
        'Germany',
        NULL,
        0.00,
        NULL,
        NULL,
        NULL,
        NULL
    ), (
        339,
        'Classic Gift Ideas, Inc',
        'Cervantes',
        'Francisca',
        '2155554695',
        '782 First Street',
        NULL,
        'Philadelphia',
        'PA',
        '71270',
        'USA',
        1188,
        81100.00,
        NULL,
        NULL,
        NULL,
        NULL
    ), (
        344,
        'CAF Imports',
        'Fernandez',
        'Jesus',
        '+34 913 728 555',
        'Merchants House',
        '27-30 Merchant\'s Quay',
        'Madrid',
        NULL,
        '28023',
        'Spain',
        1702,
        59600.00,
        NULL,
        NULL,
        NULL,
        NULL
    ), (
        347,
        'Men \'R\' US Retailers, Ltd.',
        'Chandler',
        'Brian',
        '2155554369',
        '6047 Douglas Av.',
        NULL,
        'Los Angeles',
        'CA',
        '91003',
        'USA',
        1166,
        57700.00,
        NULL,
        NULL,
        NULL,
        NULL
    ), (
        348,
        'Asian Treasures, Inc.',
        'McKenna',
        'Patricia ',
        '2967 555',
        '8 Johnstown Road',
        NULL,
        'Cork',
        'Co. Cork',
        NULL,
        'Ireland',
        NULL,
        0.00,
        NULL,
        NULL,
        NULL,
        NULL
    ), (
        350,
        'Marseille Mini Autos',
        'Lebihan',
        'Laurence ',
        '91.24.4555',
        '12, rue des Bouchers',
        NULL,
        'Marseille',
        NULL,
        '13008',
        'France',
        1337,
        65000.00,
        NULL,
        NULL,
        NULL,
        NULL
    ), (
        353,
        'Reims Collectables',
        'Henriot',
        'Paul ',
        '26.47.1555',
        '59 rue de l\'Abbaye',
        NULL,
        'Reims',
        NULL,
        '51100',
        'France',
        1337,
        81100.00,
        NULL,
        NULL,
        NULL,
        NULL
    ), (
        356,
        'SAR Distributors, Co',
        'Kuger',
        'Armand',
        '+27 21 550 3555',
        '1250 Pretorius Street',
        NULL,
        'Hatfield',
        'Pretoria',
        '0028',
        'South Africa',
        NULL,
        0.00,
        NULL,
        NULL,
        NULL,
        NULL
    ), (
        357,
        'GiftsForHim.com',
        'MacKinlay',
        'Wales',
        '64-9-3763555',
        '199 Great North Road',
        NULL,
        'Auckland',
        NULL,
        NULL,
        'New Zealand',
        1612,
        77700.00,
        NULL,
        NULL,
        NULL,
        NULL
    ), (
        361,
        'Kommission Auto',
        'Josephs',
        'Karin',
        '0251-555259',
        'Luisenstr. 48',
        NULL,
        'Münster',
        NULL,
        '44087',
        'Germany',
        NULL,
        0.00,
        NULL,
        NULL,
        NULL,
        NULL
    ), (
        362,
        'Gifts4AllAges.com',
        'Yoshido',
        'Juri',
        '6175559555',
        '8616 Spinnaker Dr.',
        NULL,
        'Boston',
        'MA',
        '51003',
        'USA',
        1216,
        41900.00,
        NULL,
        NULL,
        NULL,
        NULL
    ), (
        363,
        'Online Diecast Creations Co.',
        'Young',
        'Dorothy',
        '6035558647',
        '2304 Long Airport Avenue',
        NULL,
        'Nashua',
        'NH',
        '62005',
        'USA',
        1216,
        114200.00,
        NULL,
        NULL,
        NULL,
        NULL
    ), (
        369,
        'Lisboa Souveniers, Inc',
        'Rodriguez',
        'Lino ',
        '(1) 354-2555',
        'Jardim das rosas n. 32',
        NULL,
        'Lisboa',
        NULL,
        '1675',
        'Portugal',
        NULL,
        0.00,
        NULL,
        NULL,
        NULL,
        NULL
    ), (
        376,
        'Precious Collectables',
        'Urs',
        'Braun',
        '0452-076555',
        'Hauptstr. 29',
        NULL,
        'Bern',
        NULL,
        '3012',
        'Switzerland',
        1702,
        0.00,
        NULL,
        NULL,
        NULL,
        NULL
    ), (
        379,
        'Collectables For Less Inc.',
        'Nelson',
        'Allen',
        '6175558555',
        '7825 Douglas Av.',
        NULL,
        'Brickhaven',
        'MA',
        '58339',
        'USA',
        1188,
        70700.00,
        NULL,
        NULL,
        NULL,
        NULL
    ), (
        381,
        'Royale Belge',
        'Cartrain',
        'Pascale ',
        '(071) 23 67 2555',
        'Boulevard Tirou, 255',
        NULL,
        'Charleroi',
        NULL,
        'B-6000',
        'Belgium',
        1401,
        23500.00,
        NULL,
        NULL,
        NULL,
        NULL
    ), (
        382,
        'Salzburg Collectables',
        'Pipps',
        'Georg ',
        '6562-9555',
        'Geislweg 14',
        NULL,
        'Salzburg',
        NULL,
        '5020',
        'Austria',
        1401,
        71700.00,
        NULL,
        NULL,
        NULL,
        NULL
    ), (
        385,
        'Cruz & Sons Co.',
        'Cruz',
        'Arnold',
        '+63 2 555 3587',
        '15 McCallum Street',
        'NatWest Center #13-03',
        'Makati City',
        NULL,
        '1227 MM',
        'Philippines',
        1621,
        81500.00,
        NULL,
        NULL,
        NULL,
        NULL
    ), (
        386,
        'L\'ordine Souveniers',
        'Moroni',
        'Maurizio ',
        '0522-556555',
        'Strada Provinciale 124',
        NULL,
        'Reggio Emilia',
        NULL,
        '42100',
        'Italy',
        1401,
        121400.00,
        NULL,
        NULL,
        NULL,
        NULL
    ), (
        398,
        'Tokyo Collectables, Ltd',
        'Shimamura',
        'Akiko',
        '+81 3 3584 0555',
        '2-2-8 Roppongi',
        NULL,
        'Minato-ku',
        'Tokyo',
        '106-0032',
        'Japan',
        1621,
        94400.00,
        NULL,
        NULL,
        NULL,
        NULL
    ), (
        406,
        'Auto Canal+ Petit',
        'Perrier',
        'Dominique',
        '(1) 47.55.6555',
        '25, rue Lauriston',
        NULL,
        'Paris',
        NULL,
        '75016',
        'France',
        1337,
        95000.00,
        NULL,
        NULL,
        NULL,
        NULL
    ), (
        409,
        'Stuttgart Collectable Exchange',
        'Müller',
        'Rita ',
        '0711-555361',
        'Adenauerallee 900',
        NULL,
        'Stuttgart',
        NULL,
        '70563',
        'Germany',
        NULL,
        0.00,
        NULL,
        NULL,
        NULL,
        NULL
    ), (
        412,
        'Extreme Desk Decorations, Ltd',
        'McRoy',
        'Sarah',
        '04 499 9555',
        '101 Lambton Quay',
        'Level 11',
        'Wellington',
        NULL,
        NULL,
        'New Zealand',
        1612,
        86800.00,
        NULL,
        NULL,
        NULL,
        NULL
    ), (
        415,
        'Bavarian Collectables Imports, Co.',
        'Donnermeyer',
        'Michael',
        ' +49 89 61 08 9555',
        'Hansastr. 15',
        NULL,
        'Munich',
        NULL,
        '80686',
        'Germany',
        1504,
        77000.00,
        NULL,
        NULL,
        NULL,
        NULL
    ), (
        424,
        'Classic Legends Inc.',
        'Hernandez',
        'Maria',
        '2125558493',
        '5905 Pompton St.',
        'Suite 750',
        'NYC',
        'NY',
        '10022',
        'USA',
        1286,
        67500.00,
        NULL,
        NULL,
        NULL,
        NULL
    ), (
        443,
        'Feuer Online Stores, Inc',
        'Feuer',
        'Alexander ',
        '0342-555176',
        'Heerstr. 22',
        NULL,
        'Leipzig',
        NULL,
        '04179',
        'Germany',
        NULL,
        0.00,
        NULL,
        NULL,
        NULL,
        NULL
    ), (
        447,
        'Gift Ideas Corp.',
        'Lewis',
        'Dan',
        '2035554407',
        '2440 Pompton St.',
        NULL,
        'Glendale',
        'CT',
        '97561',
        'USA',
        1323,
        49700.00,
        NULL,
        NULL,
        NULL,
        NULL
    ), (
        448,
        'Scandinavian Gift Ideas',
        'Larsson',
        'Martha',
        '0695-34 6555',
        'Åkergatan 24',
        NULL,
        'Bräcke',
        NULL,
        'S-844 67',
        'Sweden',
        1504,
        116400.00,
        NULL,
        NULL,
        NULL,
        NULL
    ), (
        450,
        'The Sharp Gifts Warehouse',
        'Frick',
        'Sue',
        '4085553659',
        '3086 Ingle Ln.',
        NULL,
        'San Jose',
        'CA',
        '94217',
        'USA',
        1165,
        77600.00,
        NULL,
        NULL,
        NULL,
        NULL
    ), (
        452,
        'Mini Auto Werke',
        'Mendel',
        'Roland ',
        '7675-3555',
        'Kirchgasse 6',
        NULL,
        'Graz',
        NULL,
        '8010',
        'Austria',
        1401,
        45300.00,
        NULL,
        NULL,
        NULL,
        NULL
    ), (
        455,
        'Super Scale Inc.',
        'Murphy',
        'Leslie',
        '2035559545',
        '567 North Pendale Street',
        NULL,
        'New Haven',
        'CT',
        '97823',
        'USA',
        1286,
        95400.00,
        NULL,
        NULL,
        NULL,
        NULL
    ), (
        456,
        'Microscale Inc.',
        'Choi',
        'Yu',
        '2125551957',
        '5290 North Pendale Street',
        'Suite 200',
        'NYC',
        'NY',
        '10022',
        'USA',
        1286,
        39800.00,
        NULL,
        NULL,
        NULL,
        NULL
    ), (
        458,
        'Corrida Auto Replicas, Ltd',
        'Sommer',
        'Martín ',
        '(91) 555 22 82',
        'C/ Araquil, 67',
        NULL,
        'Madrid',
        NULL,
        '28023',
        'Spain',
        1702,
        104600.00,
        NULL,
        NULL,
        NULL,
        NULL
    ), (
        459,
        'Warburg Exchange',
        'Ottlieb',
        'Sven ',
        '0241-039123',
        'Walserweg 21',
        NULL,
        'Aachen',
        NULL,
        '52066',
        'Germany',
        NULL,
        0.00,
        NULL,
        NULL,
        NULL,
        NULL
    ), (
        462,
        'FunGiftIdeas.com',
        'Benitez',
        'Violeta',
        '5085552555',
        '1785 First Street',
        NULL,
        'New Bedford',
        'MA',
        '50553',
        'USA',
        1216,
        85800.00,
        NULL,
        NULL,
        NULL,
        NULL
    ), (
        465,
        'Anton Designs, Ltd.',
        'Anton',
        'Carmen',
        '+34 913 728555',
        'c/ Gobelas, 19-1 Urb. La Florida',
        NULL,
        'Madrid',
        NULL,
        '28023',
        'Spain',
        NULL,
        0.00,
        NULL,
        NULL,
        NULL,
        NULL
    ), (
        471,
        'Australian Collectables, Ltd',
        'Clenahan',
        'Sean',
        '61-9-3844-6555',
        '7 Allen Street',
        NULL,
        'Glen Waverly',
        'Victoria',
        '3150',
        'Australia',
        1611,
        60300.00,
        NULL,
        NULL,
        NULL,
        NULL
    ), (
        473,
        'Frau da Collezione',
        'Ricotti',
        'Franco',
        '+39 022515555',
        '20093 Cologno Monzese',
        'Alessandro Volta 16',
        'Milan',
        NULL,
        NULL,
        'Italy',
        1401,
        34800.00,
        NULL,
        NULL,
        NULL,
        NULL
    ), (
        475,
        'West Coast Collectables Co.',
        'Thompson',
        'Steve',
        '3105553722',
        '3675 Furth Circle',
        NULL,
        'Burbank',
        'CA',
        '94019',
        'USA',
        1166,
        55400.00,
        NULL,
        NULL,
        NULL,
        NULL
    ), (
        477,
        'Mit Vergnügen & Co.',
        'Moos',
        'Hanna ',
        '0621-08555',
        'Forsterstr. 57',
        NULL,
        'Mannheim',
        NULL,
        '68306',
        'Germany',
        NULL,
        0.00,
        NULL,
        NULL,
        NULL,
        NULL
    ), (
        480,
        'Kremlin Collectables, Co.',
        'Semenov',
        'Alexander ',
        '+7 812 293 0521',
        '2 Pobedy Square',
        NULL,
        'Saint Petersburg',
        NULL,
        '196143',
        'Russia',
        NULL,
        0.00,
        NULL,
        NULL,
        NULL,
        NULL
    ), (
        481,
        'Raanan Stores, Inc',
        'Altagar,G M',
        'Raanan',
        '+ 972 9 959 8555',
        '3 Hagalim Blv.',
        NULL,
        'Herzlia',
        NULL,
        '47625',
        'Israel',
        NULL,
        0.00,
        NULL,
        NULL,
        NULL,
        NULL
    ), (
        484,
        'Iberia Gift Imports, Corp.',
        'Roel',
        'José Pedro ',
        '(95) 555 82 82',
        'C/ Romero, 33',
        NULL,
        'Sevilla',
        NULL,
        '41101',
        'Spain',
        1702,
        65700.00,
        NULL,
        NULL,
        NULL,
        NULL
    ), (
        486,
        'Motor Mint Distributors Inc.',
        'Salazar',
        'Rosa',
        '2155559857',
        '11328 Douglas Av.',
        NULL,
        'Philadelphia',
        'PA',
        '71270',
        'USA',
        1323,
        72600.00,
        NULL,
        NULL,
        NULL,
        NULL
    ), (
        487,
        'Signal Collectibles Ltd.',
        'Taylor',
        'Sue',
        '4155554312',
        '2793 Furth Circle',
        NULL,
        'Brisbane',
        'CA',
        '94217',
        'USA',
        1165,
        60300.00,
        NULL,
        NULL,
        NULL,
        NULL
    ), (
        489,
        'Double Decker Gift Stores, Ltd',
        'Smith',
        'Thomas ',
        '(171) 555-7555',
        '120 Hanover Sq.',
        NULL,
        'London',
        NULL,
        'WA1 1DP',
        'UK',
        1501,
        43300.00,
        NULL,
        NULL,
        NULL,
        NULL
    ), (
        495,
        'Diecast Collectables',
        'Franco',
        'Valarie',
        '6175552555',
        '6251 Ingle Ln.',
        NULL,
        'Boston',
        'MA',
        '51003',
        'USA',
        1188,
        85100.00,
        NULL,
        NULL,
        NULL,
        NULL
    ), (
        496,
        'Kelly\'s Gift Shop',
        'Snowden',
        'Tony',
        '+64 9 5555500',
        'Arenales 1938 3\'A\'',
        NULL,
        'Auckland  ',
        NULL,
        NULL,
        'New Zealand',
        1612,
        110000.00,
        NULL,
        NULL,
        NULL,
        NULL
    ), (
        1000,
        'Australian Collectors, Co.',
        'Ferguson',
        'Peter',
        '03 9520 4555',
        '636 St Kilda Road',
        'Level 34567',
        'Melbourne',
        'Victoria',
        '30041',
        'Australia',
        1002,
        117300.00,
        '2022-10-02 16:35:04',
        '2022-10-02 16:35:04',
        NULL,
        NULL
    );

/*!40000 ALTER TABLE `customers` ENABLE KEYS */

;

UNLOCK TABLES;

--

-- Table structure for table `employees`

--

DROP TABLE IF EXISTS `employees`;

/*!40101 SET @saved_cs_client     = @@character_set_client */

;

/*!50503 SET character_set_client = utf8mb4 */

;

CREATE TABLE
    `employees` (
        `employeeNumber` int NOT NULL,
        `lastName` varchar(50) NOT NULL,
        `firstName` varchar(50) NOT NULL,
        `extension` varchar(10) NOT NULL,
        `email` varchar(100) NOT NULL,
        `officeCode` varchar(10) NOT NULL,
        `reportsTo` int DEFAULT NULL,
        `jobTitle` varchar(50) NOT NULL,
        `role` int DEFAULT NULL,
        `createdAt` datetime DEFAULT NULL,
        `updatedAt` datetime DEFAULT NULL,
        `createdBy` varchar(50) DEFAULT NULL,
        `updatedBy` varchar(50) DEFAULT NULL,
        PRIMARY KEY (`employeeNumber`),
        KEY `reportsTo` (`reportsTo`),
        KEY `officeCode` (`officeCode`),
        KEY `employees` (`role`),
        CONSTRAINT `employees_ibfk_1` FOREIGN KEY (`reportsTo`) REFERENCES `employees` (`employeeNumber`),
        CONSTRAINT `employees_ibfk_2` FOREIGN KEY (`officeCode`) REFERENCES `offices` (`officeCode`),
        CONSTRAINT `employees_ibfk_3` FOREIGN KEY (`role`) REFERENCES `role` (`id`)
    ) ENGINE = InnoDB DEFAULT CHARSET = latin1;

/*!40101 SET character_set_client = @saved_cs_client */

;

--

-- Dumping data for table `employees`

--

LOCK TABLES `employees` WRITE;

/*!40000 ALTER TABLE `employees` DISABLE KEYS */

;

INSERT INTO `employees`
VALUES (
        1002,
        'Murphy',
        'Diane',
        'x5800',
        'dmurphy@classicmodelcars.com',
        '1',
        NULL,
        'President',
        1,
        NULL,
        NULL,
        NULL,
        NULL
    ), (
        1056,
        'Patterson',
        'Mary',
        'x4611',
        'mpatterso@classicmodelcars.com',
        '1',
        1002,
        'VP Sales',
        4,
        NULL,
        NULL,
        NULL,
        NULL
    ), (
        1076,
        'Firrelli',
        'Jeff',
        'x9273',
        'jfirrelli@classicmodelcars.com',
        '1',
        1002,
        'VP Marketing',
        4,
        NULL,
        NULL,
        NULL,
        NULL
    ), (
        1088,
        'Patterson',
        'William',
        'x4871',
        'wpatterson@classicmodelcars.com',
        '6',
        1056,
        'Sales Manager (APAC)',
        2,
        NULL,
        NULL,
        NULL,
        NULL
    ), (
        1102,
        'Bondur',
        'Gerard',
        'x5408',
        'gbondur@classicmodelcars.com',
        '4',
        1056,
        'Sale Manager (EMEA)',
        2,
        NULL,
        NULL,
        NULL,
        NULL
    ), (
        1143,
        'Bow',
        'Anthony',
        'x5428',
        'abow@classicmodelcars.com',
        '1',
        1056,
        'Sales Manager (NA)',
        2,
        NULL,
        NULL,
        NULL,
        NULL
    ), (
        1165,
        'Jennings',
        'Leslie',
        'x3291',
        'ljennings@classicmodelcars.com',
        '1',
        1143,
        'Sales Rep',
        4,
        NULL,
        NULL,
        NULL,
        NULL
    ), (
        1166,
        'Thompson',
        'Leslie',
        'x4065',
        'lthompson@classicmodelcars.com',
        '1',
        1143,
        'Sales Rep',
        4,
        NULL,
        NULL,
        NULL,
        NULL
    ), (
        1188,
        'Firrelli',
        'Julie',
        'x2173',
        'jfirrelli@classicmodelcars.com',
        '2',
        1143,
        'Sales Rep',
        4,
        NULL,
        NULL,
        NULL,
        NULL
    ), (
        1216,
        'Patterson',
        'Steve',
        'x4334',
        'spatterson@classicmodelcars.com',
        '2',
        1143,
        'Sales Rep',
        4,
        NULL,
        NULL,
        NULL,
        NULL
    ), (
        1286,
        'Tseng',
        'Foon Yue',
        'x2248',
        'ftseng@classicmodelcars.com',
        '3',
        1143,
        'Sales Rep',
        4,
        NULL,
        NULL,
        NULL,
        NULL
    ), (
        1323,
        'Vanauf',
        'George',
        'x4102',
        'gvanauf@classicmodelcars.com',
        '3',
        1143,
        'Sales Rep',
        4,
        NULL,
        NULL,
        NULL,
        NULL
    ), (
        1337,
        'Bondur',
        'Loui',
        'x6493',
        'lbondur@classicmodelcars.com',
        '4',
        1102,
        'Sales Rep',
        4,
        NULL,
        NULL,
        NULL,
        NULL
    ), (
        1370,
        'Hernandez',
        'Gerard',
        'x2028',
        'ghernande@classicmodelcars.com',
        '4',
        1102,
        'Sales Rep',
        4,
        NULL,
        NULL,
        NULL,
        NULL
    ), (
        1401,
        'Castillo',
        'Pamela',
        'x2759',
        'pcastillo@classicmodelcars.com',
        '4',
        1102,
        'Sales Rep',
        4,
        NULL,
        NULL,
        NULL,
        NULL
    ), (
        1501,
        'Bott',
        'Larry',
        'x2311',
        'lbott@classicmodelcars.com',
        '7',
        1102,
        'Sales Rep',
        4,
        NULL,
        NULL,
        NULL,
        NULL
    ), (
        1504,
        'Jones',
        'Barry',
        'x102',
        'bjones@classicmodelcars.com',
        '7',
        1102,
        'Sales Rep',
        4,
        NULL,
        NULL,
        NULL,
        NULL
    ), (
        1611,
        'Fixter',
        'Andy',
        'x101',
        'afixter@classicmodelcars.com',
        '6',
        1088,
        'Sales Rep',
        4,
        NULL,
        NULL,
        NULL,
        NULL
    ), (
        1612,
        'Marsh',
        'Peter',
        'x102',
        'pmarsh@classicmodelcars.com',
        '6',
        1088,
        'Sales Rep',
        4,
        NULL,
        NULL,
        NULL,
        NULL
    ), (
        1619,
        'King',
        'Tom',
        'x103',
        'tking@classicmodelcars.com',
        '6',
        1088,
        'Sales Rep',
        4,
        NULL,
        NULL,
        NULL,
        NULL
    ), (
        1621,
        'Nishi',
        'Mami',
        'x101',
        'mnishi@classicmodelcars.com',
        '5',
        1056,
        'Sales Rep',
        4,
        NULL,
        NULL,
        NULL,
        NULL
    ), (
        1625,
        'Kato',
        'Yoshimi',
        'x102',
        'ykato@classicmodelcars.com',
        '5',
        1621,
        'Sales Rep',
        4,
        NULL,
        NULL,
        NULL,
        NULL
    ), (
        1702,
        'Gerard',
        'Martin',
        'x2312',
        'mgerard@classicmodelcars.com',
        '4',
        1102,
        'Sales Rep',
        4,
        NULL,
        NULL,
        NULL,
        NULL
    ), (
        2000,
        'Cuong',
        'Pham',
        'X2000',
        'abc@gmail.com',
        '2',
        1002,
        'President',
        1,
        '2022-10-02 16:39:57',
        '2022-10-02 16:39:57',
        '1002',
        '1002'
    ), (
        2001,
        'Cuong',
        'Pham',
        'X2000',
        'abc@gmail.com',
        '2',
        1002,
        'Manager',
        1,
        '2022-10-02 16:40:22',
        '2022-10-02 16:40:22',
        '1002',
        '1002'
    ), (
        2002,
        'Cuong',
        'Pham',
        'X2000',
        'abc@gmail.com',
        '2',
        1002,
        'Leader',
        1,
        '2022-10-02 16:42:27',
        '2022-10-02 16:42:27',
        '1002',
        '1002'
    ), (
        2003,
        'Cuong',
        'Pham',
        'X2000',
        'abc@gmail.com',
        '2',
        1002,
        'Staff',
        1,
        '2022-10-02 16:42:35',
        '2022-10-02 16:42:35',
        '1002',
        '1002'
    );

/*!40000 ALTER TABLE `employees` ENABLE KEYS */

;

UNLOCK TABLES;

--

-- Table structure for table `offices`

--

DROP TABLE IF EXISTS `offices`;

/*!40101 SET @saved_cs_client     = @@character_set_client */

;

/*!50503 SET character_set_client = utf8mb4 */

;

CREATE TABLE
    `offices` (
        `officeCode` varchar(10) NOT NULL,
        `city` varchar(50) NOT NULL,
        `phone` varchar(50) NOT NULL,
        `addressLine1` varchar(50) NOT NULL,
        `addressLine2` varchar(50) DEFAULT NULL,
        `state` varchar(50) DEFAULT NULL,
        `country` varchar(50) NOT NULL,
        `postalCode` varchar(15) NOT NULL,
        `territory` varchar(10) NOT NULL,
        `createdAt` datetime DEFAULT NULL,
        `updatedAt` datetime DEFAULT NULL,
        `createdBy` varchar(50) DEFAULT NULL,
        `updatedBy` varchar(50) DEFAULT NULL,
        PRIMARY KEY (`officeCode`)
    ) ENGINE = InnoDB DEFAULT CHARSET = latin1;

/*!40101 SET character_set_client = @saved_cs_client */

;

--

-- Dumping data for table `offices`

--

LOCK TABLES `offices` WRITE;

/*!40000 ALTER TABLE `offices` DISABLE KEYS */

;

INSERT INTO `offices`
VALUES (
        '1',
        'San Francisco',
        '+1 650 219 4782',
        '100 Market Street',
        'Suite 300',
        'CA',
        'USA',
        '94080',
        'NA',
        NULL,
        NULL,
        NULL,
        NULL
    ), (
        '2',
        'Boston',
        '+1 215 837 0825',
        '1550 Court Place',
        'Suite 102',
        'MA',
        'USA',
        '02107',
        'NA',
        NULL,
        NULL,
        NULL,
        NULL
    ), (
        '3',
        'NYC',
        '+1 212 555 3000',
        '523 East 53rd Street',
        'apt. 5A',
        'NY',
        'USA',
        '10022',
        'NA',
        NULL,
        NULL,
        NULL,
        NULL
    ), (
        '4',
        'Paris',
        '+33 14 723 4404',
        '43 Rue Jouffroy D\'abbans',
        NULL,
        NULL,
        'France',
        '75017',
        'EMEA',
        NULL,
        NULL,
        NULL,
        NULL
    ), (
        '5',
        'Tokyo',
        '+81 33 224 5000',
        '4-1 Kioicho',
        NULL,
        'Chiyoda-Ku',
        'Japan',
        '102-8578',
        'Japan',
        NULL,
        NULL,
        NULL,
        NULL
    ), (
        '6',
        'Sydney',
        '+61 2 9264 2451',
        '5-11 Wentworth Avenue',
        'Floor #2',
        NULL,
        'Australia',
        'NSW 2010',
        'APAC',
        NULL,
        NULL,
        NULL,
        NULL
    ), (
        '7',
        'London',
        '+44 20 7877 2041',
        '25 Old Broad Street',
        'Level 7',
        NULL,
        'UK',
        'EC2N 1HN',
        'EMEA',
        NULL,
        NULL,
        NULL,
        NULL
    );

/*!40000 ALTER TABLE `offices` ENABLE KEYS */

;

UNLOCK TABLES;

--

-- Table structure for table `orderdetails`

--

DROP TABLE IF EXISTS `orderdetails`;

/*!40101 SET @saved_cs_client     = @@character_set_client */

;

/*!50503 SET character_set_client = utf8mb4 */

;

CREATE TABLE
    `orderdetails` (
        `orderNumber` int NOT NULL,
        `productCode` varchar(15) NOT NULL,
        `quantityOrdered` int NOT NULL,
        `priceEach` decimal(10, 2) NOT NULL,
        `orderLineNumber` smallint NOT NULL,
        `deleted` tinyint(1) DEFAULT NULL,
        `createdAt` datetime DEFAULT NULL,
        `updatedAt` datetime DEFAULT NULL,
        `createdBy` varchar(50) DEFAULT NULL,
        `updatedBy` varchar(50) DEFAULT NULL,
        PRIMARY KEY (`orderNumber`, `productCode`),
        KEY `productCode` (`productCode`),
        CONSTRAINT `orderdetails_ibfk_1` FOREIGN KEY (`orderNumber`) REFERENCES `orders` (`orderNumber`),
        CONSTRAINT `orderdetails_ibfk_2` FOREIGN KEY (`productCode`) REFERENCES `products` (`productCode`)
    ) ENGINE = InnoDB DEFAULT CHARSET = latin1;

/*!40101 SET character_set_client = @saved_cs_client */

;

--

-- Dumping data for table `orderdetails`

--

LOCK TABLES `orderdetails` WRITE;

/*!40000 ALTER TABLE `orderdetails` DISABLE KEYS */

;

INSERT INTO `orderdetails`
VALUES (
        10100,
        'S18_1749',
        30,
        136.00,
        3,
        NULL,
        NULL,
        NULL,
        NULL,
        NULL
    ), (
        10100,
        'S18_2248',
        50,
        55.09,
        2,
        NULL,
        NULL,
        NULL,
        NULL,
        NULL
    ), (
        10100,
        'S18_4409',
        22,
        75.46,
        4,
        NULL,
        NULL,
        NULL,
        NULL,
        NULL
    ), (
        10100,
        'S24_3969',
        49,
        35.29,
        1,
        NULL,
        NULL,
        NULL,
        NULL,
        NULL
    ), (
        10101,
        'S18_2325',
        25,
        108.06,
        4,
        NULL,
        NULL,
        NULL,
        NULL,
        NULL
    ), (
        10101,
        'S18_2795',
        26,
        167.06,
        1,
        NULL,
        NULL,
        NULL,
        NULL,
        NULL
    ), (
        10101,
        'S24_1937',
        45,
        32.53,
        3,
        NULL,
        NULL,
        NULL,
        NULL,
        NULL
    ), (
        10101,
        'S24_2022',
        46,
        44.35,
        2,
        NULL,
        NULL,
        NULL,
        NULL,
        NULL
    ), (
        10102,
        'S18_1342',
        39,
        95.55,
        2,
        NULL,
        NULL,
        NULL,
        NULL,
        NULL
    ), (
        10102,
        'S18_1367',
        41,
        43.13,
        1,
        NULL,
        NULL,
        NULL,
        NULL,
        NULL
    ), (
        10103,
        'S10_1949',
        26,
        214.30,
        11,
        NULL,
        NULL,
        NULL,
        NULL,
        NULL
    ), (
        10103,
        'S10_4962',
        42,
        119.67,
        4,
        NULL,
        NULL,
        NULL,
        NULL,
        NULL
    ), (
        10103,
        'S12_1666',
        27,
        121.64,
        8,
        NULL,
        NULL,
        NULL,
        NULL,
        NULL
    ), (
        10103,
        'S18_1097',
        35,
        94.50,
        10,
        NULL,
        NULL,
        NULL,
        NULL,
        NULL
    ), (
        10103,
        'S18_2432',
        22,
        58.34,
        2,
        NULL,
        NULL,
        NULL,
        NULL,
        NULL
    ), (
        10103,
        'S18_2949',
        27,
        92.19,
        12,
        NULL,
        NULL,
        NULL,
        NULL,
        NULL
    ), (
        10103,
        'S18_2957',
        35,
        61.84,
        14,
        NULL,
        NULL,
        NULL,
        NULL,
        NULL
    ), (
        10103,
        'S18_3136',
        25,
        86.92,
        13,
        NULL,
        NULL,
        NULL,
        NULL,
        NULL
    ), (
        10103,
        'S18_3320',
        46,
        86.31,
        16,
        NULL,
        NULL,
        NULL,
        NULL,
        NULL
    ), (
        10103,
        'S18_4600',
        36,
        98.07,
        5,
        NULL,
        NULL,
        NULL,
        NULL,
        NULL
    ), (
        10103,
        'S18_4668',
        41,
        40.75,
        9,
        NULL,
        NULL,
        NULL,
        NULL,
        NULL
    ), (
        10103,
        'S24_2300',
        36,
        107.34,
        1,
        NULL,
        NULL,
        NULL,
        NULL,
        NULL
    ), (
        10103,
        'S24_4258',
        25,
        88.62,
        15,
        NULL,
        NULL,
        NULL,
        NULL,
        NULL
    ), (
        10103,
        'S32_1268',
        31,
        92.46,
        3,
        NULL,
        NULL,
        NULL,
        NULL,
        NULL
    ), (
        10103,
        'S32_3522',
        45,
        63.35,
        7,
        NULL,
        NULL,
        NULL,
        NULL,
        NULL
    ), (
        10103,
        'S700_2824',
        42,
        94.07,
        6,
        NULL,
        NULL,
        NULL,
        NULL,
        NULL
    ), (
        10104,
        'S12_3148',
        34,
        131.44,
        1,
        NULL,
        NULL,
        NULL,
        NULL,
        NULL
    ), (
        10104,
        'S12_4473',
        41,
        111.39,
        9,
        NULL,
        NULL,
        NULL,
        NULL,
        NULL
    ), (
        10104,
        'S18_2238',
        24,
        135.90,
        8,
        NULL,
        NULL,
        NULL,
        NULL,
        NULL
    ), (
        10104,
        'S18_2319',
        29,
        122.73,
        12,
        NULL,
        NULL,
        NULL,
        NULL,
        NULL
    ), (
        10104,
        'S18_3232',
        23,
        165.95,
        13,
        NULL,
        NULL,
        NULL,
        NULL,
        NULL
    ), (
        10104,
        'S18_4027',
        38,
        119.20,
        3,
        NULL,
        NULL,
        NULL,
        NULL,
        NULL
    ), (
        10104,
        'S24_1444',
        35,
        52.02,
        6,
        NULL,
        NULL,
        NULL,
        NULL,
        NULL
    ), (
        10104,
        'S24_2840',
        44,
        30.41,
        10,
        NULL,
        NULL,
        NULL,
        NULL,
        NULL
    ), (
        10104,
        'S24_4048',
        26,
        106.45,
        5,
        NULL,
        NULL,
        NULL,
        NULL,
        NULL
    ), (
        10104,
        'S32_2509',
        35,
        51.95,
        11,
        NULL,
        NULL,
        NULL,
        NULL,
        NULL
    ), (
        10104,
        'S32_3207',
        49,
        56.55,
        4,
        NULL,
        NULL,
        NULL,
        NULL,
        NULL
    ), (
        10104,
        'S50_1392',
        33,
        114.59,
        7,
        NULL,
        NULL,
        NULL,
        NULL,
        NULL
    ), (
        10104,
        'S50_1514',
        32,
        53.31,
        2,
        NULL,
        NULL,
        NULL,
        NULL,
        NULL
    ), (
        10105,
        'S10_4757',
        50,
        127.84,
        2,
        NULL,
        NULL,
        NULL,
        NULL,
        NULL
    ), (
        10105,
        'S12_1108',
        41,
        205.72,
        15,
        NULL,
        NULL,
        NULL,
        NULL,
        NULL
    ), (
        10105,
        'S12_3891',
        29,
        141.88,
        14,
        NULL,
        NULL,
        NULL,
        NULL,
        NULL
    ), (
        10105,
        'S18_3140',
        22,
        136.59,
        11,
        NULL,
        NULL,
        NULL,
        NULL,
        NULL
    ), (
        10105,
        'S18_3259',
        38,
        87.73,
        13,
        NULL,
        NULL,
        NULL,
        NULL,
        NULL
    ), (
        10105,
        'S18_4522',
        41,
        75.48,
        10,
        NULL,
        NULL,
        NULL,
        NULL,
        NULL
    ), (
        10105,
        'S24_2011',
        43,
        117.97,
        9,
        NULL,
        NULL,
        NULL,
        NULL,
        NULL
    ), (
        10105,
        'S24_3151',
        44,
        73.46,
        4,
        NULL,
        NULL,
        NULL,
        NULL,
        NULL
    ), (
        10105,
        'S24_3816',
        50,
        75.47,
        1,
        NULL,
        NULL,
        NULL,
        NULL,
        NULL
    ), (
        10105,
        'S700_1138',
        41,
        54.00,
        5,
        NULL,
        NULL,
        NULL,
        NULL,
        NULL
    ), (
        10105,
        'S700_1938',
        29,
        86.61,
        12,
        NULL,
        NULL,
        NULL,
        NULL,
        NULL
    ), (
        10105,
        'S700_2610',
        31,
        60.72,
        3,
        NULL,
        NULL,
        NULL,
        NULL,
        NULL
    ), (
        10105,
        'S700_3505',
        39,
        92.16,
        6,
        NULL,
        NULL,
        NULL,
        NULL,
        NULL
    ), (
        10105,
        'S700_3962',
        22,
        99.31,
        7,
        NULL,
        NULL,
        NULL,
        NULL,
        NULL
    ), (
        10105,
        'S72_3212',
        25,
        44.77,
        8,
        NULL,
        NULL,
        NULL,
        NULL,
        NULL
    ), (
        10106,
        'S18_1662',
        36,
        134.04,
        12,
        NULL,
        NULL,
        NULL,
        NULL,
        NULL
    ), (
        10106,
        'S18_2581',
        34,
        81.10,
        2,
        NULL,
        NULL,
        NULL,
        NULL,
        NULL
    ), (
        10106,
        'S18_3029',
        41,
        80.86,
        18,
        NULL,
        NULL,
        NULL,
        NULL,
        NULL
    ), (
        10106,
        'S18_3856',
        41,
        94.22,
        17,
        NULL,
        NULL,
        NULL,
        NULL,
        NULL
    ), (
        10106,
        'S24_1785',
        28,
        107.23,
        4,
        NULL,
        NULL,
        NULL,
        NULL,
        NULL
    ), (
        10106,
        'S24_2841',
        49,
        65.77,
        13,
        NULL,
        NULL,
        NULL,
        NULL,
        NULL
    ), (
        10106,
        'S24_3420',
        31,
        55.89,
        14,
        NULL,
        NULL,
        NULL,
        NULL,
        NULL
    ), (
        10106,
        'S24_3949',
        50,
        55.96,
        11,
        NULL,
        NULL,
        NULL,
        NULL,
        NULL
    ), (
        10106,
        'S24_4278',
        26,
        71.00,
        3,
        NULL,
        NULL,
        NULL,
        NULL,
        NULL
    ), (
        10106,
        'S32_4289',
        33,
        65.35,
        5,
        NULL,
        NULL,
        NULL,
        NULL,
        NULL
    ), (
        10106,
        'S50_1341',
        39,
        35.78,
        6,
        NULL,
        NULL,
        NULL,
        NULL,
        NULL
    ), (
        10106,
        'S700_1691',
        31,
        91.34,
        7,
        NULL,
        NULL,
        NULL,
        NULL,
        NULL
    ), (
        10106,
        'S700_2047',
        30,
        85.09,
        16,
        NULL,
        NULL,
        NULL,
        NULL,
        NULL
    ), (
        10106,
        'S700_2466',
        34,
        99.72,
        9,
        NULL,
        NULL,
        NULL,
        NULL,
        NULL
    ), (
        10106,
        'S700_2834',
        32,
        113.90,
        1,
        NULL,
        NULL,
        NULL,
        NULL,
        NULL
    ), (
        10106,
        'S700_3167',
        44,
        76.00,
        8,
        NULL,
        NULL,
        NULL,
        NULL,
        NULL
    ), (
        10106,
        'S700_4002',
        48,
        70.33,
        10,
        NULL,
        NULL,
        NULL,
        NULL,
        NULL
    ), (
        10106,
        'S72_1253',
        48,
        43.70,
        15,
        NULL,
        NULL,
        NULL,
        NULL,
        NULL
    ), (
        10107,
        'S10_1678',
        30,
        81.35,
        2,
        NULL,
        NULL,
        NULL,
        NULL,
        NULL
    ), (
        10107,
        'S10_2016',
        39,
        105.86,
        5,
        NULL,
        NULL,
        NULL,
        NULL,
        NULL
    ), (
        10107,
        'S10_4698',
        27,
        172.36,
        4,
        NULL,
        NULL,
        NULL,
        NULL,
        NULL
    ), (
        10107,
        'S12_2823',
        21,
        122.00,
        1,
        NULL,
        NULL,
        NULL,
        NULL,
        NULL
    ), (
        10107,
        'S18_2625',
        29,
        52.70,
        6,
        NULL,
        NULL,
        NULL,
        NULL,
        NULL
    ), (
        10107,
        'S24_1578',
        25,
        96.92,
        3,
        NULL,
        NULL,
        NULL,
        NULL,
        NULL
    ), (
        10107,
        'S24_2000',
        38,
        73.12,
        7,
        NULL,
        NULL,
        NULL,
        NULL,
        NULL
    ), (
        10107,
        'S32_1374',
        20,
        88.90,
        8,
        NULL,
        NULL,
        NULL,
        NULL,
        NULL
    ), (
        10108,
        'S12_1099',
        33,
        165.38,
        6,
        NULL,
        NULL,
        NULL,
        NULL,
        NULL
    ), (
        10108,
        'S12_3380',
        45,
        96.30,
        4,
        NULL,
        NULL,
        NULL,
        NULL,
        NULL
    ), (
        10108,
        'S12_3990',
        39,
        75.81,
        7,
        NULL,
        NULL,
        NULL,
        NULL,
        NULL
    ), (
        10108,
        'S12_4675',
        36,
        107.10,
        3,
        NULL,
        NULL,
        NULL,
        NULL,
        NULL
    ), (
        10108,
        'S18_1889',
        38,
        67.76,
        2,
        NULL,
        NULL,
        NULL,
        NULL,
        NULL
    ), (
        10108,
        'S18_3278',
        26,
        73.17,
        9,
        NULL,
        NULL,
        NULL,
        NULL,
        NULL
    ), (
        10108,
        'S18_3482',
        29,
        132.29,
        8,
        NULL,
        NULL,
        NULL,
        NULL,
        NULL
    ), (
        10108,
        'S18_3782',
        43,
        52.84,
        12,
        NULL,
        NULL,
        NULL,
        NULL,
        NULL
    ), (
        10108,
        'S18_4721',
        44,
        139.87,
        11,
        NULL,
        NULL,
        NULL,
        NULL,
        NULL
    ), (
        10108,
        'S24_2360',
        35,
        64.41,
        15,
        NULL,
        NULL,
        NULL,
        NULL,
        NULL
    ), (
        10108,
        'S24_3371',
        30,
        60.01,
        5,
        NULL,
        NULL,
        NULL,
        NULL,
        NULL
    ), (
        10108,
        'S24_3856',
        40,
        132.00,
        1,
        NULL,
        NULL,
        NULL,
        NULL,
        NULL
    ), (
        10108,
        'S24_4620',
        31,
        67.10,
        10,
        NULL,
        NULL,
        NULL,
        NULL,
        NULL
    ), (
        10108,
        'S32_2206',
        27,
        36.21,
        13,
        NULL,
        NULL,
        NULL,
        NULL,
        NULL
    ), (
        10108,
        'S32_4485',
        31,
        87.76,
        16,
        NULL,
        NULL,
        NULL,
        NULL,
        NULL
    ), (
        10108,
        'S50_4713',
        34,
        74.85,
        14,
        NULL,
        NULL,
        NULL,
        NULL,
        NULL
    ), (
        10109,
        'S18_1129',
        26,
        117.48,
        4,
        NULL,
        NULL,
        NULL,
        NULL,
        NULL
    ), (
        10109,
        'S18_1984',
        38,
        137.98,
        3,
        NULL,
        NULL,
        NULL,
        NULL,
        NULL
    ), (
        10109,
        'S18_2870',
        26,
        126.72,
        1,
        NULL,
        NULL,
        NULL,
        NULL,
        NULL
    ), (
        10109,
        'S18_3232',
        46,
        160.87,
        5,
        NULL,
        NULL,
        NULL,
        NULL,
        NULL
    ), (
        10109,
        'S18_3685',
        47,
        125.74,
        2,
        NULL,
        NULL,
        NULL,
        NULL,
        NULL
    ), (
        10109,
        'S24_2972',
        29,
        32.10,
        6,
        NULL,
        NULL,
        NULL,
        NULL,
        NULL
    ), (
        10110,
        'S18_1589',
        37,
        118.22,
        16,
        NULL,
        NULL,
        NULL,
        NULL,
        NULL
    ), (
        10110,
        'S18_1749',
        42,
        153.00,
        7,
        NULL,
        NULL,
        NULL,
        NULL,
        NULL
    ), (
        10110,
        'S18_2248',
        32,
        51.46,
        6,
        NULL,
        NULL,
        NULL,
        NULL,
        NULL
    ), (
        10110,
        'S18_2325',
        33,
        115.69,
        4,
        NULL,
        NULL,
        NULL,
        NULL,
        NULL
    ), (
        10110,
        'S18_2795',
        31,
        163.69,
        1,
        NULL,
        NULL,
        NULL,
        NULL,
        NULL
    ), (
        10110,
        'S18_4409',
        28,
        81.91,
        8,
        NULL,
        NULL,
        NULL,
        NULL,
        NULL
    ), (
        10110,
        'S18_4933',
        42,
        62.00,
        9,
        NULL,
        NULL,
        NULL,
        NULL,
        NULL
    ), (
        10110,
        'S24_1046',
        36,
        72.02,
        13,
        NULL,
        NULL,
        NULL,
        NULL,
        NULL
    ), (
        10110,
        'S24_1628',
        29,
        43.27,
        15,
        NULL,
        NULL,
        NULL,
        NULL,
        NULL
    ), (
        10110,
        'S24_1937',
        20,
        28.88,
        3,
        NULL,
        NULL,
        NULL,
        NULL,
        NULL
    ), (
        10110,
        'S24_2022',
        39,
        40.77,
        2,
        NULL,
        NULL,
        NULL,
        NULL,
        NULL
    ), (
        10110,
        'S24_2766',
        43,
        82.69,
        11,
        NULL,
        NULL,
        NULL,
        NULL,
        NULL
    ), (
        10110,
        'S24_2887',
        46,
        112.74,
        10,
        NULL,
        NULL,
        NULL,
        NULL,
        NULL
    ), (
        10110,
        'S24_3191',
        27,
        80.47,
        12,
        NULL,
        NULL,
        NULL,
        NULL,
        NULL
    ), (
        10110,
        'S24_3432',
        37,
        96.37,
        14,
        NULL,
        NULL,
        NULL,
        NULL,
        NULL
    ), (
        10110,
        'S24_3969',
        48,
        35.29,
        5,
        NULL,
        NULL,
        NULL,
        NULL,
        NULL
    ), (
        10111,
        'S18_1342',
        33,
        87.33,
        6,
        NULL,
        NULL,
        NULL,
        NULL,
        NULL
    ), (
        10111,
        'S18_1367',
        48,
        48.52,
        5,
        NULL,
        NULL,
        NULL,
        NULL,
        NULL
    ), (
        10111,
        'S18_2957',
        28,
        53.09,
        2,
        NULL,
        NULL,
        NULL,
        NULL,
        NULL
    ), (
        10111,
        'S18_3136',
        43,
        94.25,
        1,
        NULL,
        NULL,
        NULL,
        NULL,
        NULL
    ), (
        10111,
        'S18_3320',
        39,
        91.27,
        4,
        NULL,
        NULL,
        NULL,
        NULL,
        NULL
    ), (
        10111,
        'S24_4258',
        26,
        85.70,
        3,
        NULL,
        NULL,
        NULL,
        NULL,
        NULL
    ), (
        10112,
        'S10_1949',
        29,
        197.16,
        1,
        NULL,
        NULL,
        NULL,
        NULL,
        NULL
    ), (
        10112,
        'S18_2949',
        23,
        85.10,
        2,
        NULL,
        NULL,
        NULL,
        NULL,
        NULL
    ), (
        10113,
        'S12_1666',
        21,
        121.64,
        2,
        NULL,
        NULL,
        NULL,
        NULL,
        NULL
    ), (
        10113,
        'S18_1097',
        49,
        101.50,
        4,
        NULL,
        NULL,
        NULL,
        NULL,
        NULL
    ), (
        10113,
        'S18_4668',
        50,
        43.27,
        3,
        NULL,
        NULL,
        NULL,
        NULL,
        NULL
    ), (
        10113,
        'S32_3522',
        23,
        58.82,
        1,
        NULL,
        NULL,
        NULL,
        NULL,
        NULL
    ), (
        10114,
        'S10_4962',
        31,
        128.53,
        8,
        NULL,
        NULL,
        NULL,
        NULL,
        NULL
    ), (
        10114,
        'S18_2319',
        39,
        106.78,
        3,
        NULL,
        NULL,
        NULL,
        NULL,
        NULL
    ), (
        10114,
        'S18_2432',
        45,
        53.48,
        6,
        NULL,
        NULL,
        NULL,
        NULL,
        NULL
    ), (
        10114,
        'S18_3232',
        48,
        169.34,
        4,
        NULL,
        NULL,
        NULL,
        NULL,
        NULL
    ), (
        10114,
        'S18_4600',
        41,
        105.34,
        9,
        NULL,
        NULL,
        NULL,
        NULL,
        NULL
    ), (
        10114,
        'S24_2300',
        21,
        102.23,
        5,
        NULL,
        NULL,
        NULL,
        NULL,
        NULL
    ), (
        10114,
        'S24_2840',
        24,
        28.64,
        1,
        NULL,
        NULL,
        NULL,
        NULL,
        NULL
    ), (
        10114,
        'S32_1268',
        32,
        88.61,
        7,
        NULL,
        NULL,
        NULL,
        NULL,
        NULL
    ), (
        10114,
        'S32_2509',
        28,
        43.83,
        2,
        NULL,
        NULL,
        NULL,
        NULL,
        NULL
    ), (
        10114,
        'S700_2824',
        42,
        82.94,
        10,
        NULL,
        NULL,
        NULL,
        NULL,
        NULL
    ), (
        10115,
        'S12_4473',
        46,
        111.39,
        5,
        NULL,
        NULL,
        NULL,
        NULL,
        NULL
    ), (
        10115,
        'S18_2238',
        46,
        140.81,
        4,
        NULL,
        NULL,
        NULL,
        NULL,
        NULL
    ), (
        10115,
        'S24_1444',
        47,
        56.64,
        2,
        NULL,
        NULL,
        NULL,
        NULL,
        NULL
    ), (
        10115,
        'S24_4048',
        44,
        106.45,
        1,
        NULL,
        NULL,
        NULL,
        NULL,
        NULL
    ), (
        10115,
        'S50_1392',
        27,
        100.70,
        3,
        NULL,
        NULL,
        NULL,
        NULL,
        NULL
    ), (
        10116,
        'S32_3207',
        27,
        60.28,
        1,
        NULL,
        NULL,
        NULL,
        NULL,
        NULL
    ), (
        10117,
        'S12_1108',
        33,
        195.33,
        9,
        NULL,
        NULL,
        NULL,
        NULL,
        NULL
    ), (
        10117,
        'S12_3148',
        43,
        148.06,
        10,
        NULL,
        NULL,
        NULL,
        NULL,
        NULL
    ), (
        10117,
        'S12_3891',
        39,
        173.02,
        8,
        NULL,
        NULL,
        NULL,
        NULL,
        NULL
    ), (
        10117,
        'S18_3140',
        26,
        121.57,
        5,
        NULL,
        NULL,
        NULL,
        NULL,
        NULL
    ), (
        10117,
        'S18_3259',
        21,
        81.68,
        7,
        NULL,
        NULL,
        NULL,
        NULL,
        NULL
    ), (
        10117,
        'S18_4027',
        22,
        122.08,
        12,
        NULL,
        NULL,
        NULL,
        NULL,
        NULL
    ), (
        10117,
        'S18_4522',
        23,
        73.73,
        4,
        NULL,
        NULL,
        NULL,
        NULL,
        NULL
    ), (
        10117,
        'S24_2011',
        41,
        119.20,
        3,
        NULL,
        NULL,
        NULL,
        NULL,
        NULL
    ), (
        10117,
        'S50_1514',
        21,
        55.65,
        11,
        NULL,
        NULL,
        NULL,
        NULL,
        NULL
    ), (
        10117,
        'S700_1938',
        38,
        75.35,
        6,
        NULL,
        NULL,
        NULL,
        NULL,
        NULL
    ), (
        10117,
        'S700_3962',
        45,
        89.38,
        1,
        NULL,
        NULL,
        NULL,
        NULL,
        NULL
    ), (
        10117,
        'S72_3212',
        50,
        52.42,
        2,
        NULL,
        NULL,
        NULL,
        NULL,
        NULL
    ), (
        10118,
        'S700_3505',
        36,
        86.15,
        1,
        NULL,
        NULL,
        NULL,
        NULL,
        NULL
    ), (
        10119,
        'S10_4757',
        46,
        112.88,
        11,
        NULL,
        NULL,
        NULL,
        NULL,
        NULL
    ), (
        10119,
        'S18_1662',
        43,
        151.38,
        3,
        NULL,
        NULL,
        NULL,
        NULL,
        NULL
    ), (
        10119,
        'S18_3029',
        21,
        74.84,
        9,
        NULL,
        NULL,
        NULL,
        NULL,
        NULL
    ), (
        10119,
        'S18_3856',
        27,
        95.28,
        8,
        NULL,
        NULL,
        NULL,
        NULL,
        NULL
    ), (
        10119,
        'S24_2841',
        41,
        64.40,
        4,
        NULL,
        NULL,
        NULL,
        NULL,
        NULL
    ), (
        10119,
        'S24_3151',
        35,
        72.58,
        13,
        NULL,
        NULL,
        NULL,
        NULL,
        NULL
    ), (
        10119,
        'S24_3420',
        20,
        63.12,
        5,
        NULL,
        NULL,
        NULL,
        NULL,
        NULL
    ), (
        10119,
        'S24_3816',
        35,
        82.18,
        10,
        NULL,
        NULL,
        NULL,
        NULL,
        NULL
    ), (
        10119,
        'S24_3949',
        28,
        62.10,
        2,
        NULL,
        NULL,
        NULL,
        NULL,
        NULL
    ), (
        10119,
        'S700_1138',
        25,
        57.34,
        14,
        NULL,
        NULL,
        NULL,
        NULL,
        NULL
    ), (
        10119,
        'S700_2047',
        29,
        74.23,
        7,
        NULL,
        NULL,
        NULL,
        NULL,
        NULL
    ), (
        10119,
        'S700_2610',
        38,
        67.22,
        12,
        NULL,
        NULL,
        NULL,
        NULL,
        NULL
    ), (
        10119,
        'S700_4002',
        26,
        63.67,
        1,
        NULL,
        NULL,
        NULL,
        NULL,
        NULL
    ), (
        10119,
        'S72_1253',
        28,
        40.22,
        6,
        NULL,
        NULL,
        NULL,
        NULL,
        NULL
    ), (
        10120,
        'S10_2016',
        29,
        118.94,
        3,
        NULL,
        NULL,
        NULL,
        NULL,
        NULL
    ), (
        10120,
        'S10_4698',
        46,
        158.80,
        2,
        NULL,
        NULL,
        NULL,
        NULL,
        NULL
    ), (
        10120,
        'S18_2581',
        29,
        82.79,
        8,
        NULL,
        NULL,
        NULL,
        NULL,
        NULL
    ), (
        10120,
        'S18_2625',
        46,
        57.54,
        4,
        NULL,
        NULL,
        NULL,
        NULL,
        NULL
    ), (
        10120,
        'S24_1578',
        35,
        110.45,
        1,
        NULL,
        NULL,
        NULL,
        NULL,
        NULL
    ), (
        10120,
        'S24_1785',
        39,
        93.01,
        10,
        NULL,
        NULL,
        NULL,
        NULL,
        NULL
    ), (
        10120,
        'S24_2000',
        34,
        72.36,
        5,
        NULL,
        NULL,
        NULL,
        NULL,
        NULL
    ), (
        10120,
        'S24_4278',
        29,
        71.73,
        9,
        NULL,
        NULL,
        NULL,
        NULL,
        NULL
    ), (
        10120,
        'S32_1374',
        22,
        94.90,
        6,
        NULL,
        NULL,
        NULL,